strike_price,implied_volatility,type,expirationDate
260,0.031259688,call,10-10-2025
262.5,0.062509375,call,10-10-2025
265,0.062509375,call,10-10-2025
267.5,0.12500875,call,10-10-2025
270,0.12500875,call,10-10-2025
272.5,0.12500875,call,10-10-2025
275,0.2500075,call,10-10-2025
277.5,0.2500075,call,10-10-2025
280,0.2500075,call,10-10-2025
282.5,0.2500075,call,10-10-2025
285,0.2500075,call,10-10-2025
287.5,0.2500075,call,10-10-2025
290,0.2500075,call,10-10-2025
295,0.500005,call,10-10-2025
300,0.500005,call,10-10-2025
305,0.500005,call,10-10-2025
310,0.500005,call,10-10-2025
315,0.500005,call,10-10-2025
320,0.500005,call,10-10-2025
325,0.500005,call,10-10-2025
120,0.500005,put,10-10-2025
125,0.500005,put,10-10-2025
135,0.500005,put,10-10-2025
140,0.500005,put,10-10-2025
145,0.500005,put,10-10-2025
150,0.500005,put,10-10-2025
155,0.500005,put,10-10-2025
160,0.500005,put,10-10-2025
165,0.500005,put,10-10-2025
170,0.500005,put,10-10-2025
175,0.500005,put,10-10-2025
180,0.500005,put,10-10-2025
185,0.500005,put,10-10-2025
190,0.500005,put,10-10-2025
195,0.500005,put,10-10-2025
200,0.500005,put,10-10-2025
205,0.500005,put,10-10-2025
210,0.500005,put,10-10-2025
215,0.500005,put,10-10-2025
217.5,0.500005,put,10-10-2025
220,0.500005,put,10-10-2025
222.5,0.500005,put,10-10-2025
225,0.500005,put,10-10-2025
227.5,0.500005,put,10-10-2025
230,0.2500075,put,10-10-2025
232.5,0.2500075,put,10-10-2025
235,0.2500075,put,10-10-2025
237.5,0.2500075,put,10-10-2025
240,0.2500075,put,10-10-2025
242.5,0.2500075,put,10-10-2025
245,0.12500875,put,10-10-2025
247.5,0.12500875,put,10-10-2025
250,0.12500875,put,10-10-2025
252.5,0.062509375,put,10-10-2025
255,0.031259688,put,10-10-2025
257.5,0.007822422,put,10-10-2025
260,0.015634844,call,17-10-2025
262.5,0.031259688,call,17-10-2025
265,0.031259688,call,17-10-2025
267.5,0.062509375,call,17-10-2025
270,0.062509375,call,17-10-2025
272.5,0.062509375,call,17-10-2025
275,0.12500875,call,17-10-2025
280,0.12500875,call,17-10-2025
285,0.12500875,call,17-10-2025
290,0.12500875,call,17-10-2025
295,0.2500075,call,17-10-2025
300,0.2500075,call,17-10-2025
305,0.2500075,call,17-10-2025
310,0.2500075,call,17-10-2025
315,0.2500075,call,17-10-2025
320,0.2500075,call,17-10-2025
325,0.2500075,call,17-10-2025
330,0.2500075,call,17-10-2025
335,0.2500075,call,17-10-2025
340,0.2500075,call,17-10-2025
345,0.500005,call,17-10-2025
350,0.593754063,call,17-10-2025
355,0.500005,call,17-10-2025
360,0.656253438,call,17-10-2025
370,0.500005,call,17-10-2025
90,0.500005,put,17-10-2025
95,0.500005,put,17-10-2025
100,0.500005,put,17-10-2025
105,0.500005,put,17-10-2025
110,0.500005,put,17-10-2025
115,0.500005,put,17-10-2025
120,0.500005,put,17-10-2025
125,0.500005,put,17-10-2025
130,0.500005,put,17-10-2025
135,0.500005,put,17-10-2025
140,0.500005,put,17-10-2025
145,0.500005,put,17-10-2025
150,0.500005,put,17-10-2025
155,0.500005,put,17-10-2025
160,0.500005,put,17-10-2025
165,0.500005,put,17-10-2025
170,0.500005,put,17-10-2025
175,0.500005,put,17-10-2025
180,0.500005,put,17-10-2025
185,0.500005,put,17-10-2025
190,0.500005,put,17-10-2025
195,0.500005,put,17-10-2025
200,0.2500075,put,17-10-2025
205,0.2500075,put,17-10-2025
210,0.2500075,put,17-10-2025
215,0.2500075,put,17-10-2025
217.5,0.2500075,put,17-10-2025
220,0.2500075,put,17-10-2025
222.5,0.2500075,put,17-10-2025
225,0.2500075,put,17-10-2025
227.5,0.12500875,put,17-10-2025
230,0.12500875,put,17-10-2025
232.5,0.12500875,put,17-10-2025
235,0.12500875,put,17-10-2025
237.5,0.12500875,put,17-10-2025
240,0.12500875,put,17-10-2025
242.5,0.062509375,put,17-10-2025
245,0.062509375,put,17-10-2025
247.5,0.062509375,put,17-10-2025
250,0.062509375,put,17-10-2025
252.5,0.031259688,put,17-10-2025
255,0.015634844,put,17-10-2025
257.5,0.003916211,put,17-10-2025
330,1.230472598,put,17-10-2025
355,4.541142019,put,17-10-2025
360,4.612064782,put,17-10-2025
370,1.626710851,put,17-10-2025
260,0.007822422,call,24-10-2025
265,0.031259688,call,24-10-2025
270,0.062509375,call,24-10-2025
275,0.062509375,call,24-10-2025
280,0.062509375,call,24-10-2025
285,0.12500875,call,24-10-2025
290,0.12500875,call,24-10-2025
295,0.12500875,call,24-10-2025
300,0.12500875,call,24-10-2025
305,0.12500875,call,24-10-2025
310,0.2500075,call,24-10-2025
315,0.2500075,call,24-10-2025
320,0.2500075,call,24-10-2025
325,0.2500075,call,24-10-2025
110,0.500005,put,24-10-2025
130,0.500005,put,24-10-2025
135,0.500005,put,24-10-2025
140,0.500005,put,24-10-2025
145,0.500005,put,24-10-2025
150,0.500005,put,24-10-2025
155,0.500005,put,24-10-2025
160,0.500005,put,24-10-2025
165,0.500005,put,24-10-2025
170,0.500005,put,24-10-2025
175,0.500005,put,24-10-2025
180,0.2500075,put,24-10-2025
185,0.2500075,put,24-10-2025
190,0.2500075,put,24-10-2025
195,0.2500075,put,24-10-2025
200,0.2500075,put,24-10-2025
205,0.2500075,put,24-10-2025
210,0.2500075,put,24-10-2025
215,0.2500075,put,24-10-2025
220,0.12500875,put,24-10-2025
225,0.12500875,put,24-10-2025
230,0.12500875,put,24-10-2025
235,0.12500875,put,24-10-2025
240,0.062509375,put,24-10-2025
245,0.062509375,put,24-10-2025
250,0.031259688,put,24-10-2025
255,0.015634844,put,24-10-2025
260,0.007822422,call,31-10-2025
265,0.031259688,call,31-10-2025
270,0.031259688,call,31-10-2025
275,0.062509375,call,31-10-2025
280,0.062509375,call,31-10-2025
285,0.062509375,call,31-10-2025
290,0.12500875,call,31-10-2025
295,0.12500875,call,31-10-2025
300,0.12500875,call,31-10-2025
305,0.12500875,call,31-10-2025
310,0.12500875,call,31-10-2025
315,0.12500875,call,31-10-2025
320,0.12500875,call,31-10-2025
325,0.2500075,call,31-10-2025
110,0.500005,put,31-10-2025
120,0.500005,put,31-10-2025
125,0.500005,put,31-10-2025
130,0.500005,put,31-10-2025
135,0.500005,put,31-10-2025
140,0.500005,put,31-10-2025
145,0.500005,put,31-10-2025
150,0.500005,put,31-10-2025
155,0.500005,put,31-10-2025
160,0.500005,put,31-10-2025
165,0.2500075,put,31-10-2025
170,0.2500075,put,31-10-2025
175,0.2500075,put,31-10-2025
180,0.2500075,put,31-10-2025
185,0.2500075,put,31-10-2025
190,0.2500075,put,31-10-2025
195,0.2500075,put,31-10-2025
200,0.2500075,put,31-10-2025
205,0.2500075,put,31-10-2025
210,0.12500875,put,31-10-2025
215,0.12500875,put,31-10-2025
220,0.12500875,put,31-10-2025
225,0.12500875,put,31-10-2025
230,0.12500875,put,31-10-2025
235,0.062509375,put,31-10-2025
240,0.062509375,put,31-10-2025
245,0.062509375,put,31-10-2025
250,0.031259688,put,31-10-2025
255,0.015634844,put,31-10-2025
260,0.007822422,call,07-11-2025
265,0.015634844,call,07-11-2025
270,0.031259688,call,07-11-2025
275,0.062509375,call,07-11-2025
280,0.062509375,call,07-11-2025
285,0.062509375,call,07-11-2025
290,0.062509375,call,07-11-2025
295,0.12500875,call,07-11-2025
300,0.12500875,call,07-11-2025
305,0.12500875,call,07-11-2025
310,0.12500875,call,07-11-2025
315,0.12500875,call,07-11-2025
320,0.12500875,call,07-11-2025
325,0.12500875,call,07-11-2025
140,0.500005,put,07-11-2025
145,0.500005,put,07-11-2025
150,0.500005,put,07-11-2025
155,0.2500075,put,07-11-2025
160,0.2500075,put,07-11-2025
165,0.2500075,put,07-11-2025
170,0.2500075,put,07-11-2025
175,0.2500075,put,07-11-2025
180,0.2500075,put,07-11-2025
185,0.2500075,put,07-11-2025
190,0.2500075,put,07-11-2025
195,0.2500075,put,07-11-2025
200,0.2500075,put,07-11-2025
205,0.12500875,put,07-11-2025
210,0.12500875,put,07-11-2025
215,0.12500875,put,07-11-2025
220,0.12500875,put,07-11-2025
225,0.12500875,put,07-11-2025
230,0.062509375,put,07-11-2025
235,0.062509375,put,07-11-2025
240,0.062509375,put,07-11-2025
245,0.031259688,put,07-11-2025
250,0.031259688,put,07-11-2025
255,0.007822422,put,07-11-2025
260,0.007822422,call,14-11-2025
265,0.015634844,call,14-11-2025
270,0.031259688,call,14-11-2025
275,0.031259688,call,14-11-2025
280,0.062509375,call,14-11-2025
285,0.062509375,call,14-11-2025
290,0.062509375,call,14-11-2025
295,0.062509375,call,14-11-2025
300,0.12500875,call,14-11-2025
305,0.12500875,call,14-11-2025
310,0.12500875,call,14-11-2025
315,0.12500875,call,14-11-2025
320,0.12500875,call,14-11-2025
325,0.12500875,call,14-11-2025
155,0.2500075,put,14-11-2025
170,0.2500075,put,14-11-2025
185,0.2500075,put,14-11-2025
190,0.2500075,put,14-11-2025
195,0.2500075,put,14-11-2025
200,0.12500875,put,14-11-2025
205,0.12500875,put,14-11-2025
210,0.12500875,put,14-11-2025
215,0.12500875,put,14-11-2025
220,0.12500875,put,14-11-2025
225,0.12500875,put,14-11-2025
230,0.062509375,put,14-11-2025
235,0.062509375,put,14-11-2025
240,0.062509375,put,14-11-2025
245,0.031259688,put,14-11-2025
250,0.031259688,put,14-11-2025
255,0.007822422,put,14-11-2025
115,0.993164131,call,21-11-2025
130,0.959961338,call,21-11-2025
260,0.007822422,call,21-11-2025
265,0.015634844,call,21-11-2025
270,0.031259688,call,21-11-2025
275,0.031259688,call,21-11-2025
280,0.062509375,call,21-11-2025
285,0.062509375,call,21-11-2025
290,0.062509375,call,21-11-2025
295,0.062509375,call,21-11-2025
300,0.12500875,call,21-11-2025
305,0.12500875,call,21-11-2025
310,0.12500875,call,21-11-2025
315,0.12500875,call,21-11-2025
320,0.12500875,call,21-11-2025
325,0.12500875,call,21-11-2025
330,0.12500875,call,21-11-2025
335,0.12500875,call,21-11-2025
340,0.12500875,call,21-11-2025
345,0.12500875,call,21-11-2025
350,0.12500875,call,21-11-2025
100,0.500005,put,21-11-2025
105,0.500005,put,21-11-2025
110,0.500005,put,21-11-2025
115,0.500005,put,21-11-2025
120,0.500005,put,21-11-2025
125,0.500005,put,21-11-2025
130,0.500005,put,21-11-2025
135,0.500005,put,21-11-2025
140,0.2500075,put,21-11-2025
145,0.2500075,put,21-11-2025
150,0.2500075,put,21-11-2025
155,0.2500075,put,21-11-2025
160,0.2500075,put,21-11-2025
165,0.2500075,put,21-11-2025
170,0.2500075,put,21-11-2025
175,0.2500075,put,21-11-2025
180,0.2500075,put,21-11-2025
185,0.2500075,put,21-11-2025
190,0.12500875,put,21-11-2025
195,0.12500875,put,21-11-2025
200,0.12500875,put,21-11-2025
205,0.12500875,put,21-11-2025
210,0.12500875,put,21-11-2025
215,0.12500875,put,21-11-2025
220,0.12500875,put,21-11-2025
225,0.062509375,put,21-11-2025
230,0.062509375,put,21-11-2025
235,0.062509375,put,21-11-2025
240,0.062509375,put,21-11-2025
245,0.031259688,put,21-11-2025
250,0.015634844,put,21-11-2025
255,0.007822422,put,21-11-2025
305,0.464665998,put,21-11-2025
315,0.521000884,put,21-11-2025
325,0.531010549,put,21-11-2025
335,0.578739564,put,21-11-2025
260,0.003916211,call,19-12-2025
265,0.015634844,call,19-12-2025
270,0.031259688,call,19-12-2025
275,0.031259688,call,19-12-2025
280,0.031259688,call,19-12-2025
285,0.062509375,call,19-12-2025
290,0.062509375,call,19-12-2025
295,0.062509375,call,19-12-2025
300,0.062509375,call,19-12-2025
305,0.062509375,call,19-12-2025
310,0.062509375,call,19-12-2025
315,0.12500875,call,19-12-2025
320,0.12500875,call,19-12-2025
330,0.12500875,call,19-12-2025
340,0.12500875,call,19-12-2025
350,0.12500875,call,19-12-2025
360,0.12500875,call,19-12-2025
370,0.12500875,call,19-12-2025
380,0.12500875,call,19-12-2025
390,0.2500075,call,19-12-2025
400,0.2500075,call,19-12-2025
5,0.500005,put,19-12-2025
10,2.187504531,put,19-12-2025
15,1.906250469,put,19-12-2025
20,0.500005,put,19-12-2025
25,1.562502187,put,19-12-2025
30,1.437502813,put,19-12-2025
35,1.507814961,put,19-12-2025
40,0.500005,put,19-12-2025
45,1.406252969,put,19-12-2025
50,0.500005,put,19-12-2025
55,0.500005,put,19-12-2025
60,0.500005,put,19-12-2025
65,0.500005,put,19-12-2025
70,0.500005,put,19-12-2025
75,0.500005,put,19-12-2025
80,0.500005,put,19-12-2025
85,0.500005,put,19-12-2025
90,0.500005,put,19-12-2025
95,0.500005,put,19-12-2025
100,0.500005,put,19-12-2025
105,0.500005,put,19-12-2025
110,0.500005,put,19-12-2025
115,0.2500075,put,19-12-2025
120,0.2500075,put,19-12-2025
125,0.2500075,put,19-12-2025
130,0.2500075,put,19-12-2025
135,0.2500075,put,19-12-2025
140,0.2500075,put,19-12-2025
145,0.2500075,put,19-12-2025
150,0.2500075,put,19-12-2025
155,0.2500075,put,19-12-2025
160,0.2500075,put,19-12-2025
165,0.2500075,put,19-12-2025
170,0.2500075,put,19-12-2025
175,0.12500875,put,19-12-2025
180,0.12500875,put,19-12-2025
185,0.12500875,put,19-12-2025
190,0.12500875,put,19-12-2025
195,0.12500875,put,19-12-2025
200,0.12500875,put,19-12-2025
205,0.12500875,put,19-12-2025
210,0.12500875,put,19-12-2025
215,0.062509375,put,19-12-2025
220,0.062509375,put,19-12-2025
225,0.062509375,put,19-12-2025
230,0.062509375,put,19-12-2025
235,0.062509375,put,19-12-2025
240,0.031259688,put,19-12-2025
245,0.031259688,put,19-12-2025
250,0.015634844,put,19-12-2025
255,0.007822422,put,19-12-2025
310,0.383917294,put,19-12-2025
360,1.993103062,put,19-12-2025
400,0.657168956,put,19-12-2025
20,1.921875391,call,16-01-2026
260,0.003916211,call,16-01-2026
265,0.015634844,call,16-01-2026
270,0.015634844,call,16-01-2026
275,0.031259688,call,16-01-2026
280,0.031259688,call,16-01-2026
285,0.031259688,call,16-01-2026
290,0.062509375,call,16-01-2026
295,0.062509375,call,16-01-2026
300,0.062509375,call,16-01-2026
305,0.062509375,call,16-01-2026
310,0.062509375,call,16-01-2026
315,0.062509375,call,16-01-2026
320,0.062509375,call,16-01-2026
330,0.12500875,call,16-01-2026
340,0.12500875,call,16-01-2026
350,0.12500875,call,16-01-2026
360,0.12500875,call,16-01-2026
370,0.12500875,call,16-01-2026
380,0.12500875,call,16-01-2026
390,0.12500875,call,16-01-2026
5,0.500005,put,16-01-2026
10,1.875000625,put,16-01-2026
15,1.625001875,put,16-01-2026
20,0.500005,put,16-01-2026
25,1.312503437,put,16-01-2026
30,1.488283809,put,16-01-2026
35,1.367190664,put,16-01-2026
40,1.273441133,put,16-01-2026
45,0.500005,put,16-01-2026
50,0.500005,put,16-01-2026
55,1.023442383,put,16-01-2026
60,0.500005,put,16-01-2026
65,0.828126719,put,16-01-2026
70,0.500005,put,16-01-2026
75,0.500005,put,16-01-2026
80,0.500005,put,16-01-2026
85,0.500005,put,16-01-2026
90,0.500005,put,16-01-2026
95,0.500005,put,16-01-2026
100,0.2500075,put,16-01-2026
105,0.2500075,put,16-01-2026
110,0.2500075,put,16-01-2026
115,0.2500075,put,16-01-2026
120,0.2500075,put,16-01-2026
125,0.2500075,put,16-01-2026
130,0.2500075,put,16-01-2026
135,0.2500075,put,16-01-2026
140,0.2500075,put,16-01-2026
145,0.2500075,put,16-01-2026
150,0.2500075,put,16-01-2026
155,0.2500075,put,16-01-2026
160,0.2500075,put,16-01-2026
165,0.12500875,put,16-01-2026
170,0.12500875,put,16-01-2026
175,0.12500875,put,16-01-2026
180,0.12500875,put,16-01-2026
185,0.12500875,put,16-01-2026
190,0.12500875,put,16-01-2026
195,0.12500875,put,16-01-2026
200,0.12500875,put,16-01-2026
205,0.12500875,put,16-01-2026
210,0.062509375,put,16-01-2026
215,0.062509375,put,16-01-2026
220,0.062509375,put,16-01-2026
225,0.062509375,put,16-01-2026
230,0.062509375,put,16-01-2026
235,0.031259688,put,16-01-2026
240,0.031259688,put,16-01-2026
245,0.031259688,put,16-01-2026
250,0.015634844,put,16-01-2026
255,0.007822422,put,16-01-2026
105,0.601566484,call,20-02-2026
125,0.745363875,call,20-02-2026
155,0.599857517,call,20-02-2026
260,0.003916211,call,20-02-2026
265,0.007822422,call,20-02-2026
270,0.015634844,call,20-02-2026
275,0.031259688,call,20-02-2026
280,0.031259688,call,20-02-2026
285,0.031259688,call,20-02-2026
290,0.031259688,call,20-02-2026
295,0.062509375,call,20-02-2026
300,0.062509375,call,20-02-2026
310,0.062509375,call,20-02-2026
320,0.062509375,call,20-02-2026
330,0.062509375,call,20-02-2026
340,0.12500875,call,20-02-2026
350,0.12500875,call,20-02-2026
360,0.12500875,call,20-02-2026
370,0.12500875,call,20-02-2026
380,0.12500875,call,20-02-2026
390,0.12500875,call,20-02-2026
400,0.12500875,call,20-02-2026
100,0.2500075,put,20-02-2026
105,0.2500075,put,20-02-2026
110,0.2500075,put,20-02-2026
115,0.2500075,put,20-02-2026
120,0.2500075,put,20-02-2026
125,0.2500075,put,20-02-2026
130,0.2500075,put,20-02-2026
135,0.2500075,put,20-02-2026
140,0.2500075,put,20-02-2026
145,0.2500075,put,20-02-2026
150,0.12500875,put,20-02-2026
155,0.12500875,put,20-02-2026
160,0.12500875,put,20-02-2026
165,0.12500875,put,20-02-2026
170,0.12500875,put,20-02-2026
175,0.12500875,put,20-02-2026
180,0.12500875,put,20-02-2026
185,0.12500875,put,20-02-2026
190,0.12500875,put,20-02-2026
195,0.12500875,put,20-02-2026
200,0.062509375,put,20-02-2026
205,0.062509375,put,20-02-2026
210,0.062509375,put,20-02-2026
215,0.062509375,put,20-02-2026
220,0.062509375,put,20-02-2026
225,0.062509375,put,20-02-2026
230,0.031259688,put,20-02-2026
235,0.031259688,put,20-02-2026
240,0.031259688,put,20-02-2026
245,0.015634844,put,20-02-2026
250,0.015634844,put,20-02-2026
255,0.003916211,put,20-02-2026
95,0.779299082,call,20-03-2026
105,0.692385889,call,20-03-2026
115,0.660647925,call,20-03-2026
260,0.003916211,call,20-03-2026
270,0.015634844,call,20-03-2026
280,0.031259688,call,20-03-2026
290,0.031259688,call,20-03-2026
300,0.062509375,call,20-03-2026
310,0.062509375,call,20-03-2026
320,0.062509375,call,20-03-2026
330,0.062509375,call,20-03-2026
340,0.062509375,call,20-03-2026
350,0.12500875,call,20-03-2026
360,0.12500875,call,20-03-2026
370,0.12500875,call,20-03-2026
90,0.2500075,put,20-03-2026
95,0.2500075,put,20-03-2026
100,0.2500075,put,20-03-2026
105,0.2500075,put,20-03-2026
110,0.2500075,put,20-03-2026
115,0.2500075,put,20-03-2026
120,0.2500075,put,20-03-2026
125,0.2500075,put,20-03-2026
130,0.2500075,put,20-03-2026
135,0.2500075,put,20-03-2026
140,0.2500075,put,20-03-2026
145,0.12500875,put,20-03-2026
150,0.12500875,put,20-03-2026
155,0.12500875,put,20-03-2026
160,0.12500875,put,20-03-2026
165,0.12500875,put,20-03-2026
170,0.12500875,put,20-03-2026
175,0.12500875,put,20-03-2026
180,0.12500875,put,20-03-2026
185,0.12500875,put,20-03-2026
190,0.12500875,put,20-03-2026
195,0.062509375,put,20-03-2026
200,0.062509375,put,20-03-2026
210,0.062509375,put,20-03-2026
220,0.062509375,put,20-03-2026
230,0.031259688,put,20-03-2026
240,0.031259688,put,20-03-2026
250,0.015634844,put,20-03-2026
320,0.939972524,put,20-03-2026
350,1.296512307,put,20-03-2026
360,1.318210196,put,20-03-2026
260,0.003916211,call,17-04-2026
265,0.007822422,call,17-04-2026
270,0.015634844,call,17-04-2026
275,0.015634844,call,17-04-2026
280,0.031259688,call,17-04-2026
285,0.031259688,call,17-04-2026
290,0.031259688,call,17-04-2026
295,0.031259688,call,17-04-2026
300,0.031259688,call,17-04-2026
305,0.062509375,call,17-04-2026
310,0.062509375,call,17-04-2026
315,0.062509375,call,17-04-2026
320,0.062509375,call,17-04-2026
325,0.062509375,call,17-04-2026
330,0.062509375,call,17-04-2026
340,0.062509375,call,17-04-2026
350,0.062509375,call,17-04-2026
360,0.12500875,call,17-04-2026
370,0.12500875,call,17-04-2026
120,0.2500075,put,17-04-2026
125,0.2500075,put,17-04-2026
130,0.2500075,put,17-04-2026
135,0.12500875,put,17-04-2026
140,0.12500875,put,17-04-2026
145,0.12500875,put,17-04-2026
150,0.12500875,put,17-04-2026
155,0.12500875,put,17-04-2026
160,0.12500875,put,17-04-2026
165,0.12500875,put,17-04-2026
170,0.12500875,put,17-04-2026
175,0.12500875,put,17-04-2026
180,0.12500875,put,17-04-2026
185,0.12500875,put,17-04-2026
190,0.062509375,put,17-04-2026
195,0.062509375,put,17-04-2026
200,0.062509375,put,17-04-2026
205,0.062509375,put,17-04-2026
210,0.062509375,put,17-04-2026
215,0.062509375,put,17-04-2026
220,0.062509375,put,17-04-2026
225,0.031259688,put,17-04-2026
230,0.031259688,put,17-04-2026
235,0.031259688,put,17-04-2026
240,0.015634844,put,17-04-2026
245,0.015634844,put,17-04-2026
250,0.007822422,put,17-04-2026
255,0.003916211,put,17-04-2026
95,0.8037129,call,15-05-2026
100,0.77551494,call,15-05-2026
125,0.579960255,call,15-05-2026
135,0.560917477,call,15-05-2026
260,0.001963105,call,15-05-2026
270,0.015634844,call,15-05-2026
280,0.031259688,call,15-05-2026
290,0.031259688,call,15-05-2026
300,0.031259688,call,15-05-2026
310,0.062509375,call,15-05-2026
320,0.062509375,call,15-05-2026
330,0.062509375,call,15-05-2026
340,0.062509375,call,15-05-2026
350,0.062509375,call,15-05-2026
360,0.062509375,call,15-05-2026
370,0.12500875,call,15-05-2026
380,0.12500875,call,15-05-2026
390,0.12500875,call,15-05-2026
400,0.12500875,call,15-05-2026
5,0.500005,put,15-05-2026
10,0.500005,put,15-05-2026
15,0.500005,put,15-05-2026
35,0.500005,put,15-05-2026
45,0.500005,put,15-05-2026
50,0.500005,put,15-05-2026
60,0.500005,put,15-05-2026
70,0.642581699,put,15-05-2026
80,0.580082324,put,15-05-2026
85,0.2500075,put,15-05-2026
90,0.2500075,put,15-05-2026
95,0.528325029,put,15-05-2026
100,0.2500075,put,15-05-2026
105,0.2500075,put,15-05-2026
110,0.2500075,put,15-05-2026
115,0.2500075,put,15-05-2026
120,0.2500075,put,15-05-2026
125,0.2500075,put,15-05-2026
130,0.12500875,put,15-05-2026
135,0.12500875,put,15-05-2026
140,0.12500875,put,15-05-2026
145,0.12500875,put,15-05-2026
150,0.12500875,put,15-05-2026
155,0.12500875,put,15-05-2026
160,0.12500875,put,15-05-2026
165,0.12500875,put,15-05-2026
170,0.12500875,put,15-05-2026
175,0.12500875,put,15-05-2026
180,0.12500875,put,15-05-2026
185,0.062509375,put,15-05-2026
190,0.062509375,put,15-05-2026
195,0.062509375,put,15-05-2026
200,0.062509375,put,15-05-2026
210,0.062509375,put,15-05-2026
220,0.031259688,put,15-05-2026
230,0.031259688,put,15-05-2026
240,0.015634844,put,15-05-2026
250,0.007822422,put,15-05-2026
80,0.822999817,call,18-06-2026
85,0.727297649,call,18-06-2026
260,0.001963105,call,18-06-2026
265,0.007822422,call,18-06-2026
270,0.015634844,call,18-06-2026
275,0.015634844,call,18-06-2026
280,0.015634844,call,18-06-2026
285,0.031259688,call,18-06-2026
290,0.031259688,call,18-06-2026
300,0.031259688,call,18-06-2026
310,0.062509375,call,18-06-2026
320,0.062509375,call,18-06-2026
330,0.062509375,call,18-06-2026
340,0.062509375,call,18-06-2026
350,0.062509375,call,18-06-2026
360,0.062509375,call,18-06-2026
370,0.062509375,call,18-06-2026
380,0.12500875,call,18-06-2026
390,0.12500875,call,18-06-2026
5,0.500005,put,18-06-2026
10,0.500005,put,18-06-2026
15,0.500005,put,18-06-2026
20,0.500005,put,18-06-2026
25,0.500005,put,18-06-2026
30,0.500005,put,18-06-2026
35,0.500005,put,18-06-2026
40,0.500005,put,18-06-2026
45,0.500005,put,18-06-2026
50,0.500005,put,18-06-2026
55,0.2500075,put,18-06-2026
60,0.2500075,put,18-06-2026
65,0.2500075,put,18-06-2026
70,0.587894746,put,18-06-2026
75,0.2500075,put,18-06-2026
80,0.2500075,put,18-06-2026
85,0.2500075,put,18-06-2026
90,0.522465713,put,18-06-2026
95,0.2500075,put,18-06-2026
100,0.2500075,put,18-06-2026
105,0.2500075,put,18-06-2026
110,0.2500075,put,18-06-2026
115,0.2500075,put,18-06-2026
120,0.12500875,put,18-06-2026
125,0.12500875,put,18-06-2026
130,0.12500875,put,18-06-2026
135,0.12500875,put,18-06-2026
140,0.12500875,put,18-06-2026
145,0.12500875,put,18-06-2026
150,0.12500875,put,18-06-2026
155,0.12500875,put,18-06-2026
160,0.12500875,put,18-06-2026
165,0.12500875,put,18-06-2026
170,0.12500875,put,18-06-2026
175,0.12500875,put,18-06-2026
180,0.062509375,put,18-06-2026
185,0.062509375,put,18-06-2026
190,0.062509375,put,18-06-2026
195,0.062509375,put,18-06-2026
200,0.062509375,put,18-06-2026
205,0.062509375,put,18-06-2026
210,0.062509375,put,18-06-2026
215,0.062509375,put,18-06-2026
220,0.031259688,put,18-06-2026
225,0.031259688,put,18-06-2026
230,0.031259688,put,18-06-2026
235,0.031259688,put,18-06-2026
240,0.015634844,put,18-06-2026
245,0.015634844,put,18-06-2026
250,0.007822422,put,18-06-2026
255,0.003916211,put,18-06-2026
330,0.252143709,put,18-06-2026
340,0.273444766,put,18-06-2026
350,0.357702956,put,18-06-2026
360,0.993072579,put,18-06-2026
370,0.721972385,put,18-06-2026
115,0.514531222,call,21-08-2026
260,0.001963105,call,21-08-2026
270,0.007822422,call,21-08-2026
280,0.015634844,call,21-08-2026
290,0.031259688,call,21-08-2026
300,0.031259688,call,21-08-2026
310,0.031259688,call,21-08-2026
320,0.062509375,call,21-08-2026
330,0.062509375,call,21-08-2026
340,0.062509375,call,21-08-2026
350,0.062509375,call,21-08-2026
360,0.062509375,call,21-08-2026
370,0.062509375,call,21-08-2026
380,0.062509375,call,21-08-2026
110,0.12500875,put,21-08-2026
115,0.12500875,put,21-08-2026
120,0.12500875,put,21-08-2026
125,0.12500875,put,21-08-2026
130,0.12500875,put,21-08-2026
135,0.12500875,put,21-08-2026
140,0.12500875,put,21-08-2026
145,0.12500875,put,21-08-2026
150,0.12500875,put,21-08-2026
155,0.12500875,put,21-08-2026
160,0.12500875,put,21-08-2026
165,0.12500875,put,21-08-2026
170,0.062509375,put,21-08-2026
175,0.062509375,put,21-08-2026
180,0.062509375,put,21-08-2026
185,0.062509375,put,21-08-2026
190,0.062509375,put,21-08-2026
195,0.062509375,put,21-08-2026
200,0.062509375,put,21-08-2026
210,0.062509375,put,21-08-2026
220,0.031259688,put,21-08-2026
230,0.031259688,put,21-08-2026
240,0.015634844,put,21-08-2026
250,0.007822422,put,21-08-2026
340,0.178230874,put,21-08-2026
60,0.724612129,call,18-09-2026
65,0.732668689,call,18-09-2026
95,0.535160898,call,18-09-2026
105,0.528325029,call,18-09-2026
260,0.001963105,call,18-09-2026
265,0.007822422,call,18-09-2026
270,0.007822422,call,18-09-2026
275,0.015634844,call,18-09-2026
280,0.015634844,call,18-09-2026
285,0.015634844,call,18-09-2026
290,0.031259688,call,18-09-2026
295,0.031259688,call,18-09-2026
300,0.031259688,call,18-09-2026
310,0.031259688,call,18-09-2026
320,0.062509375,call,18-09-2026
330,0.062509375,call,18-09-2026
340,0.062509375,call,18-09-2026
350,0.062509375,call,18-09-2026
360,0.062509375,call,18-09-2026
370,0.062509375,call,18-09-2026
380,0.062509375,call,18-09-2026
390,0.062509375,call,18-09-2026
400,0.062509375,call,18-09-2026
50,0.2500075,put,18-09-2026
55,0.589847852,put,18-09-2026
60,0.574223008,put,18-09-2026
65,0.557621611,put,18-09-2026
70,0.2500075,put,18-09-2026
75,0.526371924,put,18-09-2026
80,0.2500075,put,18-09-2026
85,0.497563618,put,18-09-2026
90,0.490727749,put,18-09-2026
95,0.467290483,put,18-09-2026
100,0.2500075,put,18-09-2026
105,0.12500875,put,18-09-2026
110,0.12500875,put,18-09-2026
115,0.12500875,put,18-09-2026
120,0.12500875,put,18-09-2026
125,0.12500875,put,18-09-2026
130,0.12500875,put,18-09-2026
135,0.12500875,put,18-09-2026
140,0.12500875,put,18-09-2026
145,0.12500875,put,18-09-2026
150,0.12500875,put,18-09-2026
155,0.12500875,put,18-09-2026
160,0.12500875,put,18-09-2026
165,0.12500875,put,18-09-2026
170,0.062509375,put,18-09-2026
175,0.062509375,put,18-09-2026
180,0.062509375,put,18-09-2026
185,0.062509375,put,18-09-2026
190,0.062509375,put,18-09-2026
195,0.062509375,put,18-09-2026
200,0.062509375,put,18-09-2026
205,0.062509375,put,18-09-2026
210,0.031259688,put,18-09-2026
215,0.031259688,put,18-09-2026
220,0.031259688,put,18-09-2026
225,0.031259688,put,18-09-2026
230,0.031259688,put,18-09-2026
235,0.015634844,put,18-09-2026
240,0.015634844,put,18-09-2026
245,0.015634844,put,18-09-2026
250,0.007822422,put,18-09-2026
255,0.003916211,put,18-09-2026
350,0.253608538,put,18-09-2026
60,0.806764628,call,18-12-2026
70,0.717165914,call,18-12-2026
85,0.540043662,call,18-12-2026
95,0.544194011,call,18-12-2026
105,0.517582949,call,18-12-2026
260,0.001963105,call,18-12-2026
270,0.007822422,call,18-12-2026
280,0.015634844,call,18-12-2026
290,0.031259688,call,18-12-2026
300,0.031259688,call,18-12-2026
310,0.031259688,call,18-12-2026
320,0.031259688,call,18-12-2026
330,0.062509375,call,18-12-2026
340,0.062509375,call,18-12-2026
350,0.062509375,call,18-12-2026
360,0.062509375,call,18-12-2026
370,0.062509375,call,18-12-2026
380,0.062509375,call,18-12-2026
390,0.062509375,call,18-12-2026
400,0.062509375,call,18-12-2026
410,0.062509375,call,18-12-2026
420,0.062509375,call,18-12-2026
430,0.062509375,call,18-12-2026
440,0.12500875,call,18-12-2026
450,0.12500875,call,18-12-2026
5,0.500005,put,18-12-2026
10,0.500005,put,18-12-2026
15,0.500005,put,18-12-2026
20,0.500005,put,18-12-2026
25,0.500005,put,18-12-2026
30,0.500005,put,18-12-2026
35,0.2500075,put,18-12-2026
40,0.2500075,put,18-12-2026
45,0.2500075,put,18-12-2026
50,0.2500075,put,18-12-2026
60,0.2500075,put,18-12-2026
70,0.2500075,put,18-12-2026
80,0.2500075,put,18-12-2026
85,0.2500075,put,18-12-2026
90,0.2500075,put,18-12-2026
95,0.12500875,put,18-12-2026
100,0.12500875,put,18-12-2026
105,0.12500875,put,18-12-2026
110,0.12500875,put,18-12-2026
115,0.12500875,put,18-12-2026
120,0.12500875,put,18-12-2026
125,0.12500875,put,18-12-2026
130,0.12500875,put,18-12-2026
135,0.12500875,put,18-12-2026
140,0.12500875,put,18-12-2026
145,0.12500875,put,18-12-2026
150,0.12500875,put,18-12-2026
155,0.12500875,put,18-12-2026
160,0.062509375,put,18-12-2026
165,0.062509375,put,18-12-2026
170,0.062509375,put,18-12-2026
175,0.062509375,put,18-12-2026
180,0.062509375,put,18-12-2026
185,0.062509375,put,18-12-2026
190,0.062509375,put,18-12-2026
195,0.062509375,put,18-12-2026
200,0.062509375,put,18-12-2026
210,0.031259688,put,18-12-2026
220,0.031259688,put,18-12-2026
230,0.031259688,put,18-12-2026
240,0.015634844,put,18-12-2026
250,0.007822422,put,18-12-2026
360,0.181160532,put,18-12-2026
380,0.265144067,put,18-12-2026
390,0.277442528,put,18-12-2026
410,0.301612209,put,18-12-2026
440,0.571247574,put,18-12-2026
30,0.664065859,call,15-01-2027
45,0.789552886,call,15-01-2027
110,0.599369241,call,15-01-2027
260,0.001963105,call,15-01-2027
270,0.007822422,call,15-01-2027
280,0.015634844,call,15-01-2027
290,0.015634844,call,15-01-2027
300,0.031259688,call,15-01-2027
310,0.031259688,call,15-01-2027
320,0.031259688,call,15-01-2027
330,0.031259688,call,15-01-2027
340,0.062509375,call,15-01-2027
350,0.062509375,call,15-01-2027
360,0.062509375,call,15-01-2027
370,0.062509375,call,15-01-2027
380,0.062509375,call,15-01-2027
390,0.062509375,call,15-01-2027
400,0.062509375,call,15-01-2027
410,0.062509375,call,15-01-2027
420,0.062509375,call,15-01-2027
430,0.062509375,call,15-01-2027
440,0.12500875,call,15-01-2027
450,0.12500875,call,15-01-2027
5,0.500005,put,15-01-2027
10,0.500005,put,15-01-2027
15,0.500005,put,15-01-2027
20,0.500005,put,15-01-2027
25,0.500005,put,15-01-2027
30,0.500005,put,15-01-2027
35,0.2500075,put,15-01-2027
40,0.2500075,put,15-01-2027
45,0.2500075,put,15-01-2027
50,0.2500075,put,15-01-2027
60,0.2500075,put,15-01-2027
70,0.2500075,put,15-01-2027
80,0.2500075,put,15-01-2027
85,0.2500075,put,15-01-2027
90,0.2500075,put,15-01-2027
95,0.12500875,put,15-01-2027
100,0.12500875,put,15-01-2027
105,0.12500875,put,15-01-2027
110,0.12500875,put,15-01-2027
115,0.12500875,put,15-01-2027
120,0.12500875,put,15-01-2027
125,0.12500875,put,15-01-2027
130,0.12500875,put,15-01-2027
135,0.12500875,put,15-01-2027
140,0.12500875,put,15-01-2027
145,0.12500875,put,15-01-2027
150,0.12500875,put,15-01-2027
155,0.062509375,put,15-01-2027
160,0.062509375,put,15-01-2027
165,0.062509375,put,15-01-2027
170,0.062509375,put,15-01-2027
175,0.062509375,put,15-01-2027
180,0.062509375,put,15-01-2027
185,0.062509375,put,15-01-2027
190,0.062509375,put,15-01-2027
195,0.062509375,put,15-01-2027
200,0.062509375,put,15-01-2027
210,0.031259688,put,15-01-2027
220,0.031259688,put,15-01-2027
230,0.015634844,put,15-01-2027
240,0.015634844,put,15-01-2027
250,0.007822422,put,15-01-2027
370,0.533039948,put,15-01-2027
390,0.269874245,put,15-01-2027
400,0.281379257,put,15-01-2027
410,0.505665954,put,15-01-2027
430,0.438177005,put,15-01-2027
440,0.32431706,put,15-01-2027
60,0.521977437,call,17-06-2027
75,0.547367808,call,17-06-2027
90,0.532841586,call,17-06-2027
120,0.521214505,call,17-06-2027
260,0.001963105,call,17-06-2027
270,0.007822422,call,17-06-2027
280,0.015634844,call,17-06-2027
290,0.015634844,call,17-06-2027
300,0.031259688,call,17-06-2027
310,0.031259688,call,17-06-2027
320,0.031259688,call,17-06-2027
330,0.031259688,call,17-06-2027
340,0.031259688,call,17-06-2027
350,0.062509375,call,17-06-2027
360,0.062509375,call,17-06-2027
370,0.062509375,call,17-06-2027
380,0.062509375,call,17-06-2027
390,0.062509375,call,17-06-2027
400,0.062509375,call,17-06-2027
410,0.062509375,call,17-06-2027
420,0.062509375,call,17-06-2027
430,0.062509375,call,17-06-2027
440,0.062509375,call,17-06-2027
450,0.062509375,call,17-06-2027
50,0.2500075,put,17-06-2027
55,0.2500075,put,17-06-2027
60,0.2500075,put,17-06-2027
65,0.485356709,put,17-06-2027
70,0.2500075,put,17-06-2027
75,0.2500075,put,17-06-2027
80,0.12500875,put,17-06-2027
85,0.12500875,put,17-06-2027
90,0.12500875,put,17-06-2027
95,0.12500875,put,17-06-2027
100,0.12500875,put,17-06-2027
105,0.12500875,put,17-06-2027
110,0.12500875,put,17-06-2027
115,0.12500875,put,17-06-2027
120,0.12500875,put,17-06-2027
125,0.12500875,put,17-06-2027
130,0.12500875,put,17-06-2027
135,0.12500875,put,17-06-2027
140,0.12500875,put,17-06-2027
145,0.062509375,put,17-06-2027
150,0.062509375,put,17-06-2027
155,0.062509375,put,17-06-2027
160,0.062509375,put,17-06-2027
165,0.062509375,put,17-06-2027
170,0.062509375,put,17-06-2027
175,0.062509375,put,17-06-2027
180,0.062509375,put,17-06-2027
185,0.062509375,put,17-06-2027
190,0.062509375,put,17-06-2027
195,0.031259688,put,17-06-2027
200,0.031259688,put,17-06-2027
210,0.031259688,put,17-06-2027
220,0.031259688,put,17-06-2027
230,0.015634844,put,17-06-2027
240,0.015634844,put,17-06-2027
250,0.007822422,put,17-06-2027
380,0.677325614,put,17-06-2027
390,0.559559458,put,17-06-2027
400,0.242652837,put,17-06-2027
410,0.627033149,put,17-06-2027
430,0.655048005,put,17-06-2027
440,0.577579908,put,17-06-2027
75,0.544621253,call,17-12-2027
90,0.595829237,call,17-12-2027
265,0.003916211,call,17-12-2027
270,0.007822422,call,17-12-2027
275,0.007822422,call,17-12-2027
280,0.015634844,call,17-12-2027
285,0.015634844,call,17-12-2027
290,0.015634844,call,17-12-2027
295,0.015634844,call,17-12-2027
300,0.015634844,call,17-12-2027
305,0.031259688,call,17-12-2027
310,0.031259688,call,17-12-2027
315,0.031259688,call,17-12-2027
320,0.031259688,call,17-12-2027
325,0.031259688,call,17-12-2027
330,0.031259688,call,17-12-2027
335,0.031259688,call,17-12-2027
340,0.031259688,call,17-12-2027
345,0.031259688,call,17-12-2027
350,0.031259688,call,17-12-2027
355,0.031259688,call,17-12-2027
360,0.031259688,call,17-12-2027
365,0.062509375,call,17-12-2027
370,0.062509375,call,17-12-2027
375,0.062509375,call,17-12-2027
380,0.062509375,call,17-12-2027
385,0.062509375,call,17-12-2027
390,0.062509375,call,17-12-2027
395,0.062509375,call,17-12-2027
400,0.062509375,call,17-12-2027
405,0.062509375,call,17-12-2027
410,0.062509375,call,17-12-2027
415,0.062509375,call,17-12-2027
420,0.062509375,call,17-12-2027
425,0.062509375,call,17-12-2027
430,0.062509375,call,17-12-2027
435,0.062509375,call,17-12-2027
440,0.062509375,call,17-12-2027
50,0.2500075,put,17-12-2027
55,0.474858767,put,17-12-2027
60,0.2500075,put,17-12-2027
65,0.12500875,put,17-12-2027
70,0.12500875,put,17-12-2027
75,0.12500875,put,17-12-2027
80,0.12500875,put,17-12-2027
85,0.12500875,put,17-12-2027
90,0.12500875,put,17-12-2027
95,0.12500875,put,17-12-2027
100,0.12500875,put,17-12-2027
105,0.12500875,put,17-12-2027
110,0.12500875,put,17-12-2027
115,0.12500875,put,17-12-2027
120,0.12500875,put,17-12-2027
125,0.12500875,put,17-12-2027
130,0.12500875,put,17-12-2027
135,0.062509375,put,17-12-2027
140,0.062509375,put,17-12-2027
145,0.062509375,put,17-12-2027
150,0.062509375,put,17-12-2027
155,0.062509375,put,17-12-2027
160,0.062509375,put,17-12-2027
165,0.062509375,put,17-12-2027
170,0.062509375,put,17-12-2027
175,0.062509375,put,17-12-2027
180,0.062509375,put,17-12-2027
185,0.062509375,put,17-12-2027
190,0.031259688,put,17-12-2027
195,0.031259688,put,17-12-2027
200,0.031259688,put,17-12-2027
205,0.031259688,put,17-12-2027
210,0.031259688,put,17-12-2027
215,0.031259688,put,17-12-2027
220,0.031259688,put,17-12-2027
225,0.015634844,put,17-12-2027
230,0.015634844,put,17-12-2027
235,0.015634844,put,17-12-2027
240,0.007822422,put,17-12-2027
245,0.007822422,put,17-12-2027
250,0.003916211,put,17-12-2027
255,0.001963105,put,17-12-2027
325,0.523312567,put,17-12-2027
435,0.685962003,put,17-12-2027
270,0.007822422,call,21-01-2028
280,0.015634844,call,21-01-2028
290,0.015634844,call,21-01-2028
300,0.015634844,call,21-01-2028
310,0.031259688,call,21-01-2028
320,0.031259688,call,21-01-2028
330,0.031259688,call,21-01-2028
340,0.031259688,call,21-01-2028
350,0.031259688,call,21-01-2028
360,0.031259688,call,21-01-2028
370,0.062509375,call,21-01-2028
380,0.062509375,call,21-01-2028
390,0.062509375,call,21-01-2028
400,0.062509375,call,21-01-2028
410,0.062509375,call,21-01-2028
420,0.062509375,call,21-01-2028
430,0.062509375,call,21-01-2028
440,0.062509375,call,21-01-2028
450,0.062509375,call,21-01-2028
50,0.2500075,put,21-01-2028
60,0.2500075,put,21-01-2028
70,0.12500875,put,21-01-2028
90,0.12500875,put,21-01-2028
100,0.12500875,put,21-01-2028
110,0.12500875,put,21-01-2028
120,0.12500875,put,21-01-2028
130,0.062509375,put,21-01-2028
135,0.062509375,put,21-01-2028
140,0.062509375,put,21-01-2028
145,0.062509375,put,21-01-2028
150,0.062509375,put,21-01-2028
155,0.062509375,put,21-01-2028
160,0.062509375,put,21-01-2028
170,0.062509375,put,21-01-2028
175,0.062509375,put,21-01-2028
180,0.062509375,put,21-01-2028
185,0.031259688,put,21-01-2028
190,0.031259688,put,21-01-2028
195,0.031259688,put,21-01-2028
200,0.031259688,put,21-01-2028
210,0.031259688,put,21-01-2028
220,0.015634844,put,21-01-2028
230,0.015634844,put,21-01-2028
240,0.007822422,put,21-01-2028
250,0.003916211,put,21-01-2028
